{
	"name": "You Need Fuel",
	"version": "1.0.0.0",
	"description": "",
	"id": "",
	"unique-id": "1ii2f66l380",
	"viewport-width": 870,
	"viewport-height": 500,
	"author": "",
	"email": "",
	"website": "",
	"orientations": "landscape",
	"c2version": "244",
	"c3version": "r368.2",
	"ife": true,
	"used-plugins": [
		"TiledBg",
		"Sprite",
		"Mouse",
		"Keyboard",
		"Text",
		"googleplay",
		"Timeline",
		"Touch"
	],
	"used-behaviors": [
		"solid",
		"EightDir",
		"shadowcaster",
		"MoveTo",
		"Bullet"
	]
}